<?xml version="1.0" encoding="utf-8"?>

<data name ="MonsterData" from="G怪物.xlsx" to = "MonsterData.xml">
	<variable  name="AllMonster" type="list">
		<list name = "MonsterBase" sheetname="怪物配置" mainKey = "Id">
			<variable  name="Id" col = "ID" type="int"/>
			<variable  name="Name" col = "名字" type="string"/>
			<variable  name="OutLook" col = "预知路径" type="string"/>
			<variable  name="Level" col = "怪物等级" type="int"/>
			<variable  name="Rare" col = "怪物稀有度" type="int" defaultValue = "0"/>
			<variable  name="Height" col = "怪物高度" type="float"/>
		</list>
	</variable>
</data>